algoritmo;vertices;arestas;densidade;semente;repeticao;tempo_ms
Johnson;30;60;esparso;42;1;1,297900
Johnson;30;60;esparso;42;2;1,268142
Johnson;30;60;esparso;42;3;1,304663
Johnson;30;60;esparso;42;4;1,269526
Johnson;30;60;esparso;42;5;1,352506
Johnson;30;60;esparso;42;6;1,311776
Johnson;30;60;esparso;42;7;1,275275
Johnson;30;60;esparso;42;8;1,372759
Johnson;30;60;esparso;42;9;1,219576
Johnson;30;60;esparso;42;10;1,186579
Johnson;30;60;esparso;42;11;1,219172
Johnson;30;60;esparso;42;12;1,211315
Johnson;30;60;esparso;42;13;1,347400
Johnson;30;60;esparso;42;14;1,281857
Johnson;30;60;esparso;42;15;1,223007
Johnson;30;60;esparso;42;16;1,231328
Johnson;30;60;esparso;42;17;1,242504
Johnson;30;60;esparso;42;18;1,213534
Johnson;30;60;esparso;42;19;1,112937
Johnson;30;60;esparso;42;20;1,209038
Johnson;30;60;esparso;42;21;1,209774
Johnson;30;60;esparso;42;22;1,217248
Johnson;30;60;esparso;42;23;1,194745
Johnson;30;60;esparso;42;24;1,151557
Johnson;30;60;esparso;42;25;1,150182
Johnson;30;60;esparso;42;26;1,143998
Johnson;30;60;esparso;42;27;1,160767
Johnson;30;60;esparso;42;28;1,282502
Johnson;30;60;esparso;42;29;1,503315
Johnson;30;60;esparso;42;30;1,243507
Johnson;30;174;intermediario;43;1;2,218583
Johnson;30;174;intermediario;43;2;2,122438
Johnson;30;174;intermediario;43;3;2,141602
Johnson;30;174;intermediario;43;4;2,249351
Johnson;30;174;intermediario;43;5;2,041053
Johnson;30;174;intermediario;43;6;2,086889
Johnson;30;174;intermediario;43;7;1,968233
Johnson;30;174;intermediario;43;8;1,970735
Johnson;30;174;intermediario;43;9;2,187545
Johnson;30;174;intermediario;43;10;2,085154
Johnson;30;174;intermediario;43;11;2,077728
Johnson;30;174;intermediario;43;12;1,847653
Johnson;30;174;intermediario;43;13;2,224878
Johnson;30;174;intermediario;43;14;2,074608
Johnson;30;174;intermediario;43;15;2,078531
Johnson;30;174;intermediario;43;16;2,075147
Johnson;30;174;intermediario;43;17;1,966764
Johnson;30;174;intermediario;43;18;1,961664
Johnson;30;174;intermediario;43;19;1,958661
Johnson;30;174;intermediario;43;20;1,938800
Johnson;30;174;intermediario;43;21;1,941749
Johnson;30;174;intermediario;43;22;1,955041
Johnson;30;174;intermediario;43;23;1,890969
Johnson;30;174;intermediario;43;24;1,841816
Johnson;30;174;intermediario;43;25;2,047341
Johnson;30;174;intermediario;43;26;2,015347
Johnson;30;174;intermediario;43;27;1,915807
Johnson;30;174;intermediario;43;28;3,482931
Johnson;30;174;intermediario;43;29;3,473100
Johnson;30;174;intermediario;43;30;2,098766
Johnson;30;435;denso;44;1;4,780195
Johnson;30;435;denso;44;2;3,847917
Johnson;30;435;denso;44;3;3,624274
Johnson;30;435;denso;44;4;3,573860
Johnson;30;435;denso;44;5;3,478820
Johnson;30;435;denso;44;6;3,637064
Johnson;30;435;denso;44;7;3,437556
Johnson;30;435;denso;44;8;3,509646
Johnson;30;435;denso;44;9;3,381941
Johnson;30;435;denso;44;10;3,188657
Johnson;30;435;denso;44;11;3,534469
Johnson;30;435;denso;44;12;3,278012
Johnson;30;435;denso;44;13;3,102096
Johnson;30;435;denso;44;14;3,328246
Johnson;30;435;denso;44;15;3,430306
Johnson;30;435;denso;44;16;3,485703
Johnson;30;435;denso;44;17;3,351629
Johnson;30;435;denso;44;18;3,286330
Johnson;30;435;denso;44;19;3,538362
Johnson;30;435;denso;44;20;3,395603
Johnson;30;435;denso;44;21;3,559628
Johnson;30;435;denso;44;22;3,332646
Johnson;30;435;denso;44;23;3,458159
Johnson;30;435;denso;44;24;3,404611
Johnson;30;435;denso;44;25;3,469545
Johnson;30;435;denso;44;26;3,223993
Johnson;30;435;denso;44;27;3,471332
Johnson;30;435;denso;44;28;3,466535
Johnson;30;435;denso;44;29;3,462466
Johnson;30;435;denso;44;30;3,401302
Johnson;60;120;esparso;45;1;5,365724
Johnson;60;120;esparso;45;2;5,073192
Johnson;60;120;esparso;45;3;5,123413
Johnson;60;120;esparso;45;4;4,986067
Johnson;60;120;esparso;45;5;4,774924
Johnson;60;120;esparso;45;6;5,064180
Johnson;60;120;esparso;45;7;4,911912
Johnson;60;120;esparso;45;8;4,867293
Johnson;60;120;esparso;45;9;4,701829
Johnson;60;120;esparso;45;10;5,034138
Johnson;60;120;esparso;45;11;5,270575
Johnson;60;120;esparso;45;12;5,020594
Johnson;60;120;esparso;45;13;4,937258
Johnson;60;120;esparso;45;14;4,923632
Johnson;60;120;esparso;45;15;5,094340
Johnson;60;120;esparso;45;16;5,195073
Johnson;60;120;esparso;45;17;5,122957
Johnson;60;120;esparso;45;18;5,003105
Johnson;60;120;esparso;45;19;4,783986
Johnson;60;120;esparso;45;20;5,146071
Johnson;60;120;esparso;45;21;5,573113
Johnson;60;120;esparso;45;22;4,812778
Johnson;60;120;esparso;45;23;4,674628
Johnson;60;120;esparso;45;24;4,787704
Johnson;60;120;esparso;45;25;5,047510
Johnson;60;120;esparso;45;26;4,948615
Johnson;60;120;esparso;45;27;4,596246
Johnson;60;120;esparso;45;28;5,184393
Johnson;60;120;esparso;45;29;4,958352
Johnson;60;120;esparso;45;30;5,028787
Johnson;60;708;intermediario;46;1;11,975738
Johnson;60;708;intermediario;46;2;11,841185
Johnson;60;708;intermediario;46;3;11,719766
Johnson;60;708;intermediario;46;4;11,642987
Johnson;60;708;intermediario;46;5;12,105676
Johnson;60;708;intermediario;46;6;11,883472
Johnson;60;708;intermediario;46;7;11,158863
Johnson;60;708;intermediario;46;8;11,669931
Johnson;60;708;intermediario;46;9;11,898664
Johnson;60;708;intermediario;46;10;11,040835
Johnson;60;708;intermediario;46;11;11,886989
Johnson;60;708;intermediario;46;12;12,075289
Johnson;60;708;intermediario;46;13;11,758458
Johnson;60;708;intermediario;46;14;11,091774
Johnson;60;708;intermediario;46;15;11,664571
Johnson;60;708;intermediario;46;16;11,727181
Johnson;60;708;intermediario;46;17;11,554767
Johnson;60;708;intermediario;46;18;11,687896
Johnson;60;708;intermediario;46;19;11,863497
Johnson;60;708;intermediario;46;20;11,930489
Johnson;60;708;intermediario;46;21;11,594493
Johnson;60;708;intermediario;46;22;11,769810
Johnson;60;708;intermediario;46;23;11,726683
Johnson;60;708;intermediario;46;24;11,916039
Johnson;60;708;intermediario;46;25;11,545020
Johnson;60;708;intermediario;46;26;12,050961
Johnson;60;708;intermediario;46;27;11,366944
Johnson;60;708;intermediario;46;28;10,963899
Johnson;60;708;intermediario;46;29;11,650630
Johnson;60;708;intermediario;46;30;11,992291
Johnson;60;1770;denso;47;1;19,550893
Johnson;60;1770;denso;47;2;20,193582
Johnson;60;1770;denso;47;3;19,993449
Johnson;60;1770;denso;47;4;20,282028
Johnson;60;1770;denso;47;5;19,705978
Johnson;60;1770;denso;47;6;19,563599
Johnson;60;1770;denso;47;7;19,517516
Johnson;60;1770;denso;47;8;20,061469
Johnson;60;1770;denso;47;9;21,130795
Johnson;60;1770;denso;47;10;20,596522
Johnson;60;1770;denso;47;11;19,977164
Johnson;60;1770;denso;47;12;19,969926
Johnson;60;1770;denso;47;13;19,635719
Johnson;60;1770;denso;47;14;19,259604
Johnson;60;1770;denso;47;15;19,385648
Johnson;60;1770;denso;47;16;19,521273
Johnson;60;1770;denso;47;17;20,001845
Johnson;60;1770;denso;47;18;21,017021
Johnson;60;1770;denso;47;19;19,597782
Johnson;60;1770;denso;47;20;20,393355
Johnson;60;1770;denso;47;21;20,253956
Johnson;60;1770;denso;47;22;19,865238
Johnson;60;1770;denso;47;23;19,198283
Johnson;60;1770;denso;47;24;19,726510
Johnson;60;1770;denso;47;25;19,746812
Johnson;60;1770;denso;47;26;18,919355
Johnson;60;1770;denso;47;27;19,772363
Johnson;60;1770;denso;47;28;19,433213
Johnson;60;1770;denso;47;29;20,000522
Johnson;60;1770;denso;47;30;19,750623
Johnson;100;200;esparso;48;1;15,209368
Johnson;100;200;esparso;48;2;14,312155
Johnson;100;200;esparso;48;3;14,372032
Johnson;100;200;esparso;48;4;14,386726
Johnson;100;200;esparso;48;5;14,125931
Johnson;100;200;esparso;48;6;14,425915
Johnson;100;200;esparso;48;7;14,661664
Johnson;100;200;esparso;48;8;14,427461
Johnson;100;200;esparso;48;9;14,482607
Johnson;100;200;esparso;48;10;14,767075
Johnson;100;200;esparso;48;11;14,088552
Johnson;100;200;esparso;48;12;14,404398
Johnson;100;200;esparso;48;13;15,078632
Johnson;100;200;esparso;48;14;14,031933
Johnson;100;200;esparso;48;15;14,510914
Johnson;100;200;esparso;48;16;14,182790
Johnson;100;200;esparso;48;17;14,563201
Johnson;100;200;esparso;48;18;14,327529
Johnson;100;200;esparso;48;19;14,247208
Johnson;100;200;esparso;48;20;14,182937
Johnson;100;200;esparso;48;21;13,947622
Johnson;100;200;esparso;48;22;14,331941
Johnson;100;200;esparso;48;23;14,845282
Johnson;100;200;esparso;48;24;16,186010
Johnson;100;200;esparso;48;25;14,605528
Johnson;100;200;esparso;48;26;16,089504
Johnson;100;200;esparso;48;27;15,274635
Johnson;100;200;esparso;48;28;14,707769
Johnson;100;200;esparso;48;29;14,993683
Johnson;100;200;esparso;48;30;14,738314
Johnson;100;1980;intermediario;49;1;44,195745
Johnson;100;1980;intermediario;49;2;42,474332
Johnson;100;1980;intermediario;49;3;44,309665
Johnson;100;1980;intermediario;49;4;42,949140
Johnson;100;1980;intermediario;49;5;43,504161
Johnson;100;1980;intermediario;49;6;44,794234
Johnson;100;1980;intermediario;49;7;44,179081
Johnson;100;1980;intermediario;49;8;45,506900
Johnson;100;1980;intermediario;49;9;44,907720
Johnson;100;1980;intermediario;49;10;44,356433
Johnson;100;1980;intermediario;49;11;43,780598
Johnson;100;1980;intermediario;49;12;43,783234
Johnson;100;1980;intermediario;49;13;43,142203
Johnson;100;1980;intermediario;49;14;43,388627
Johnson;100;1980;intermediario;49;15;43,597398
Johnson;100;1980;intermediario;49;16;44,331507
Johnson;100;1980;intermediario;49;17;44,484820
Johnson;100;1980;intermediario;49;18;43,047769
Johnson;100;1980;intermediario;49;19;44,031851
Johnson;100;1980;intermediario;49;20;43,262325
Johnson;100;1980;intermediario;49;21;43,991078
Johnson;100;1980;intermediario;49;22;42,816893
Johnson;100;1980;intermediario;49;23;43,737007
Johnson;100;1980;intermediario;49;24;41,616728
Johnson;100;1980;intermediario;49;25;43,821809
Johnson;100;1980;intermediario;49;26;42,629856
Johnson;100;1980;intermediario;49;27;44,859890
Johnson;100;1980;intermediario;49;28;43,406033
Johnson;100;1980;intermediario;49;29;42,450997
Johnson;100;1980;intermediario;49;30;43,153929
Johnson;100;4950;denso;50;1;75,185411
Johnson;100;4950;denso;50;2;76,984648
Johnson;100;4950;denso;50;3;76,590757
Johnson;100;4950;denso;50;4;76,736489
Johnson;100;4950;denso;50;5;77,377159
Johnson;100;4950;denso;50;6;73,542660
Johnson;100;4950;denso;50;7;75,767792
Johnson;100;4950;denso;50;8;75,808854
Johnson;100;4950;denso;50;9;74,897093
Johnson;100;4950;denso;50;10;76,200634
Johnson;100;4950;denso;50;11;75,493591
Johnson;100;4950;denso;50;12;76,201607
Johnson;100;4950;denso;50;13;73,517175
Johnson;100;4950;denso;50;14;77,598550
Johnson;100;4950;denso;50;15;76,136919
Johnson;100;4950;denso;50;16;76,497450
Johnson;100;4950;denso;50;17;74,146218
Johnson;100;4950;denso;50;18;74,310359
Johnson;100;4950;denso;50;19;75,577328
Johnson;100;4950;denso;50;20;77,144727
Johnson;100;4950;denso;50;21;75,147752
Johnson;100;4950;denso;50;22;76,111296
Johnson;100;4950;denso;50;23;75,244393
Johnson;100;4950;denso;50;24;73,890050
Johnson;100;4950;denso;50;25;73,737561
Johnson;100;4950;denso;50;26;74,109722
Johnson;100;4950;denso;50;27;76,675015
Johnson;100;4950;denso;50;28;76,294824
Johnson;100;4950;denso;50;29;74,173295
Johnson;100;4950;denso;50;30;75,229941
Johnson;150;300;esparso;51;1;33,006383
Johnson;150;300;esparso;51;2;32,618568
Johnson;150;300;esparso;51;3;32,524429
Johnson;150;300;esparso;51;4;33,183687
Johnson;150;300;esparso;51;5;33,236818
Johnson;150;300;esparso;51;6;32,812178
Johnson;150;300;esparso;51;7;33,786300
Johnson;150;300;esparso;51;8;33,286756
Johnson;150;300;esparso;51;9;32,071686
Johnson;150;300;esparso;51;10;31,495265
Johnson;150;300;esparso;51;11;33,330764
Johnson;150;300;esparso;51;12;38,253772
Johnson;150;300;esparso;51;13;34,529903
Johnson;150;300;esparso;51;14;33,132226
Johnson;150;300;esparso;51;15;32,440665
Johnson;150;300;esparso;51;16;32,712772
Johnson;150;300;esparso;51;17;33,688575
Johnson;150;300;esparso;51;18;33,117528
Johnson;150;300;esparso;51;19;32,786577
Johnson;150;300;esparso;51;20;34,729303
Johnson;150;300;esparso;51;21;33,455483
Johnson;150;300;esparso;51;22;32,800022
Johnson;150;300;esparso;51;23;33,677349
Johnson;150;300;esparso;51;24;34,051381
Johnson;150;300;esparso;51;25;33,100784
Johnson;150;300;esparso;51;26;33,792341
Johnson;150;300;esparso;51;27;33,502815
Johnson;150;300;esparso;51;28;33,213851
Johnson;150;300;esparso;51;29;33,942821
Johnson;150;300;esparso;51;30;33,313712
Johnson;150;4470;intermediario;52;1;126,823595
Johnson;150;4470;intermediario;52;2;128,614039
Johnson;150;4470;intermediario;52;3;125,509895
Johnson;150;4470;intermediario;52;4;125,829197
Johnson;150;4470;intermediario;52;5;126,184342
Johnson;150;4470;intermediario;52;6;127,760995
Johnson;150;4470;intermediario;52;7;123,197806
Johnson;150;4470;intermediario;52;8;129,746712
Johnson;150;4470;intermediario;52;9;127,889602
Johnson;150;4470;intermediario;52;10;128,878649
Johnson;150;4470;intermediario;52;11;125,647870
Johnson;150;4470;intermediario;52;12;122,390856
Johnson;150;4470;intermediario;52;13;125,721246
Johnson;150;4470;intermediario;52;14;124,655638
Johnson;150;4470;intermediario;52;15;125,218367
Johnson;150;4470;intermediario;52;16;126,455612
Johnson;150;4470;intermediario;52;17;127,209477
Johnson;150;4470;intermediario;52;18;127,471429
Johnson;150;4470;intermediario;52;19;127,120938
Johnson;150;4470;intermediario;52;20;129,677136
Johnson;150;4470;intermediario;52;21;127,855357
Johnson;150;4470;intermediario;52;22;124,553059
Johnson;150;4470;intermediario;52;23;125,584798
Johnson;150;4470;intermediario;52;24;129,584902
Johnson;150;4470;intermediario;52;25;128,042159
Johnson;150;4470;intermediario;52;26;125,894004
Johnson;150;4470;intermediario;52;27;127,025263
Johnson;150;4470;intermediario;52;28;129,780593
Johnson;150;4470;intermediario;52;29;124,885326
Johnson;150;4470;intermediario;52;30;127,556005
Johnson;150;11175;denso;53;1;234,012126
Johnson;150;11175;denso;53;2;231,233429
Johnson;150;11175;denso;53;3;234,105146
Johnson;150;11175;denso;53;4;232,537879
Johnson;150;11175;denso;53;5;231,257731
Johnson;150;11175;denso;53;6;230,873287
Johnson;150;11175;denso;53;7;235,655019
Johnson;150;11175;denso;53;8;231,366582
Johnson;150;11175;denso;53;9;233,557847
Johnson;150;11175;denso;53;10;230,995488
Johnson;150;11175;denso;53;11;229,928942
Johnson;150;11175;denso;53;12;228,663038
Johnson;150;11175;denso;53;13;229,958257
Johnson;150;11175;denso;53;14;234,539665
Johnson;150;11175;denso;53;15;230,841407
Johnson;150;11175;denso;53;16;233,654571
Johnson;150;11175;denso;53;17;229,524702
Johnson;150;11175;denso;53;18;230,899794
Johnson;150;11175;denso;53;19;231,818320
Johnson;150;11175;denso;53;20;231,565348
Johnson;150;11175;denso;53;21;233,012406
Johnson;150;11175;denso;53;22;232,918165
Johnson;150;11175;denso;53;23;230,124643
Johnson;150;11175;denso;53;24;232,236309
Johnson;150;11175;denso;53;25;229,813003
Johnson;150;11175;denso;53;26;229,441089
Johnson;150;11175;denso;53;27;230,433335
Johnson;150;11175;denso;53;28;229,431546
Johnson;150;11175;denso;53;29;227,647622
Johnson;150;11175;denso;53;30;228,641259
